{"cameraMode":{"drawMode":0,"name":"Shaded","section":"Shading Mode"},"sceneLighting":false,"audioPlay":false,"sceneViewState":{"showFog":true,"showMaterialUpdate":false,"showSkybox":false,"showFlares":true,"showImageEffects":true,"showParticleSystems":true},"in2DMode":false,"pivot":{"x":3.2502317428588869,"y":4.171999931335449,"z":-2.497736930847168},"rotation":{"x":0.006648281589150429,"y":-0.9818453788757324,"z":-0.035062890499830249,"w":-0.1868843287229538},"size":2.014730215072632,"orthographic":false}