{"cameraMode":{"drawMode":0,"name":"Shaded","section":"Shading Mode"},"sceneLighting":false,"audioPlay":false,"sceneViewState":{"showFog":true,"showMaterialUpdate":false,"showSkybox":false,"showFlares":true,"showImageEffects":true,"showParticleSystems":true},"in2DMode":false,"pivot":{"x":0.008758306503295899,"y":4.311157703399658,"z":0.356151282787323},"rotation":{"x":-0.041833799332380298,"y":-0.44772064685821535,"z":0.02097347564995289,"w":-0.8930749893188477},"size":9.973833084106446,"orthographic":false}